Komentar,Label
keren banget beli skin mahal hebat main sukses no limit,bukan spam
enak bgt liat snatai serius,bukan spam
keren sih panutan gw pernha toxic sabar sehat amin,bukan spam
semangat,bukan spam
mampir chanel ku,promosi
kak izin promo diamond kak,bukan spam
biguete cup sabtu jam ungu channel ybig follow rrq cuzcuz vlw,promosi
poin video tau jumpa lupa subscribe yah,promosi
mntp,bukan spam
banget,bukan spam
sukses teruss sehat teruss aminn,bukan spam
keren sih,bukan spam
maen ml bertahuntahun ketemu no limit match,bukan spam
wow mantap,bukan spam
bismillahirrohmaanirrohim moga mampir channelku mudah urus,promosi
izin sharing,promosi
https  youtube pgkeubwbzi,tautan
konten mobile legends exe hibur ga bosenin,bukan spam
bismilah bnyak mampir amin,promosi
widiihhh semangat jerom,bukan spam
kasi gue skin ling panda banglama dh subscribe join youtube abang tp dot give skingue fans malaysia,bukan spam
mantap lancar kak sisca salam settong dere madhureh guys,bukan spam
mantap,bukan spam
mantep,bukan spam
sehat,bukan spam
suka nonton jarang komenmantap,bukan spam
keren idolaque,bukan spam
sehat lancar rejeki aq suka lihat no,bukan spam
https  youtube mkfttuo,tautan
like komen gweh,promosi
bangg pliss baca dm instagram,bukan spam
moga jjnaruto mengghibur teman ku luar terima kasih,promosi
mantep panutan sukses kaya,bukan spam
https  youtube rskbkzuki,tautan
bantu support channel abang,promosi
bantu suport channel ku tementemen,promosi
keren sehat,bukan spam
semangat,bukan spam
nama sound backgroundnya enak banget dengar,bukan spam
kati tuhan channelnya salam iya latih fanny smpai lincah,bukan spam
moga gameplay solo rank chou sya mengispirasi,promosi
turut kolaborasi murah hoki draw udah mentok ketimbang kof transformers pake sistem bingo bikin nyesek,bukan spam
mohon bantu teman dukung channel sekolah,promosi
https  youtubecom channel ucpadjejebqtenbgcma,tautan
akun syndrom official,promosi
no limit pinggir skin ling baru no limit subscribe,promosi
bantu donasi subscribe,promosi
moga gameplay my top global clint hibur inspirasi terima kasih guys,promosi
viral,promosi
https  youtube rrlgiiawa,tautan
https  youtube poh nndaze,tautan
https  youtubecom channel uctwhecwbfayygwlzw,tautan
https  wwwyoutubecom watchv fdyswgywxc,tautan
its preety soooo cool afmaaf numpang promosi kalo liat gameplay ku luike andd subreck terima kasih,promosi
https  youtube bffbclzmwyi,tautan
semangat,bukan spam
moga gameplay melissa inspirasi,promosi
hallo abangabang kakakkakak tolong bantu yaaaa konten ml pertama youtube,promosi
https  youtube yhsawxxwl,tautan
moga gameplay top global aldous inspirasi motivasi thank you support,promosi
https  youtube wyh djogopq,tautan
cari,promosi
https  youtube xsemepity,tautan
https  youtubecom channel ucxhzcnltdahzqcfdjstq,tautan
https  youtube agkzoemblm,tautan
https  youtube flf va,tautan
poin video tau jumpa,promosi
https  youtube zqhejapr,tautan
https  wwwinstagramcom edcentid,tautan
https  wwwtiktokcom edcentid,tautan
https  twittercom edcentid,tautan
https  wwwfacebookcom edcentteknologiindonesia,tautan
https  wwwyoutubecom playlistlist plkwowaksyqkwtitfwleegukdy,tautan
https  wwwyoutubecom playlistlist plkwowaksyqkbxyapfpw jdshttac,tautan
https  wwwyoutubecom playlistlist plkwowaksyqijqvlzisqgweuqgibl,tautan
https  wwwyoutubecom playlistlist plkwowaksyqjjfwgqbplfjvloeb,tautan
https  wwwyoutubecom playlistlist plkwowaksyqltfhjgitpxedvqxcpf,tautan
https  wwwyoutubecom playlistlist plkwowaksyqkxtctgiohrcosyhpusm,tautan
https  wwwyoutubecom playlistlist plkwowaksyqjkgdrvkmmjmxc,tautan
tolong review asus vivobook slate oled lg ragu ganti kesitu,bukan spam
nanya kalo beli hp redmagic beli mana toko offline alamat toko ga,bukan spam
rekomendasi laptop,bukan spam
link beli  xiomi smart tv powered by android tv  shopee mall juta layar inch juta layar inch juta layar inch juta layar inch juta,promosi
https  shopeee frbraev,tautan
https  shopeee fglbbm,tautan
https  shopeee aefckdwvr,tautan
https  shopeee ajqtxqgc,tautan
https  shopeee uduitnmr,tautan
layar hp ips tetep bandingin mantap,bukan spam
nambah juta dapet pc spek th gen gpu rtx  rtx,bukan spam
nyari wallpaper anime kayak gitu mana,bukan spam
liat mukbang jdi makan tp makan telor ceplok,bukan spam
editor ny ngiler sih,bukan spam
kak tanboykun mukbang bakso aci,bukan spam
kalo makam lahap enak,bukan spam
muji kanu peujit na sagede naon brow,bukan spam
mantull bt makan siang bgni endolita dechhh,bukan spam
padu laper doyan kental,bukan spam
https  youtube nthknsmoek,tautan
https  youtube sioldrijb,tautan
ni geftaway sila subcsribe guys terima kaish,promosi
https  youtube rmyprcpo,tautan
no limit hina karna,promosi
bocor um ugm,promosi
bocor simak ui kki ,promosi
bocor simak ui soshum ,promosi
bocor simak ui saintek ,promosi
bocor utbk sbmptn tps ,promosi
bocor utbk sbmptn soshum ,promosi
bocor utbk sbmptn saintek ,promosi
https  youtubecom shorts xtygbzswqfeature share,tautan
kun mah enak ken makan tinggal langsung beli,bukan spam
gue makan beli segitu mikir kali depa   mkan mie instan,bukan spam
liat enak kalo gue awetawet makan naget gituh,bukan spam
bikin ngiler sukses sehat aamiin,bukan spam
https  youtube kjudbsrmw,tautan
oled teknologi amoled super amoled buat samsung udh paten samsung spesifikasi super amoled layar samsung spesifikasi oled doang lg brand,bukan spam
amoled teknologi oled kembangin,bukan spam
tau sih,bukan spam
https  youtube bnrkuwqus,tautan
ngehibur bgttt woii,bukan spam
join mabar hahaha,bukan spam
suka banget sm video,bukan spam
sumpaa lu inspirasi gua jeromeeee,bukan spam
selamat kak vidii kak anyaaaa bahaya circle tolong,bukan spam
asik bgt we pen gabung,bukan spam
fadil seru ngakak vidi randoman nyambungggg sukaaaa vidio iniii,bukan spam
cantik banget gilaaaa,bukan spam
vidi masuk semua circle mantabb euy,bukan spam
gilee sihh seruu banget banyakin konten gin sukaa bgt,bukan spam
bikin sih,bukan spam
lihat monster suka meger coba liat opening males banget kyk beruang btw fadil cocok ngasuh anak,bukan spam
seruuu kaliii day in my life mantap jiwa,bukan spam
yaa daily life gin seru,bukan spam
keren,bukan spam
suka jujur,bukan spam
recommended maba informatika,bukan spam
hp bekas ga,bukan spam
gua aja cocok game,bukan spam
kalo game genshin mending ambil seri gamingnya tuf rog gantung budget kalo kasi laptop fannya untuk gaming,bukan spam
ghensin fifa sm ngetik,bukan spam
redmi note kenceng chipsetnya,bukan spam
mending iphone pro max aja,bukan spam
coba review lenovo ideapad gaming,bukan spam
rakit pc budget smpe juta,bukan spam
review asus athlon,bukan spam
mantep tuh dapet oled,bukan spam
semangat,bukan spam
kl fadil kyknya random gin hahaa,bukan spam
bangggg kaos kakinyaaaaaaa bedaaaa,bukan spam
suka konte jerom,bukan spam
suka bgt konten konten random day in my life hehe asik bangettt mantappu jiwaaaa,bukan spam
seru banget wkwkwk,bukan spam
asliii seru bgttttt konten gin,bukan spam
yaa bkin konten day in my life,bukan spam
ga ken cobakreview ayn odin wkwkwk,bukan spam
rekomendasi asus vivobook touchsreen lh,bukan spam
bag hp realme neo gt,bukan spam
review laptop hp series pavilion generasi,bukan spam
rekomendasi hp budget ajar harga jt mksh,bukan spam
gila yaaa vidi emang humble bgt kek nyaman gitu sahabat,bukan spam
mutusin senar raket kevin sanjaya,bukan spam
makan lounge in the sky dongpasti seru,bukan spam
gw suka dr tuh masuk kalang jenius akademik jenius gaul,bukan spam
lupa mampir channelku guys,promosi
seru langsung mampir channelku guys,promosi
moga konten inspirasi,promosi
bantu subscribe channelku temen temen,promosi
lupa tonton video guys,promosi
https  youtube qqjixmqwu,tautan
https  youtube ommpffnqg,tautan
liat video kun kalah lomba minum dgn celozz,promosi
https  wwwyoutubecom watchv ecsvqymtfo,tautan
neng banget lihat video inisama banget kerandoman temantemanjanjiannya dadakantadinya badmintonansetelahnya nonton absurd bioskop ngopingopi diketawaindiceritain sehatsehat temanteman,bukan spam
nada alarm,bukan spam
sukaa liat vlog kek gni freshh syuting lngsung upload tnpa hrus tunggu krna banyak konten tonton exited nnton krna udah lma berllu fresh contoh trip indo uploadnya krna terllu bnyak video views turun,bukan spam
smngt,bukan spam
seru bgt ni empat padu,bukan spam
firdaus penjara berkat beking ded nunggu masuk penjara klarifikasi,promosi
https  youtube kjudbsrmw,tautan
link viral,promosi
https  youtube hhkxftkp,tautan
nonton ngakak mulu guaaa,bukan spam
gitu kalo bangun tidur pagi meler sampe jam jam an doangg,bukan spam
seruuu bgt asliii cocok bgtt dah,bukan spam
asik banget konten kali seruuu ketawa terusss,bukan spam
bjorka ketangkep video,promosi
https  youtube pltxzziya,tautan
https  youtube eqjrlpngpm,tautan
kati konten,bukan spam
manfaat konten,bukan spam
manfaat informasi,bukan spam
lihat tamboy kun kuat,promosi
lihat ded bicara,promosi
lihat acara tonight show,promosi
lupa saksi acara transtv,promosi
https  youtube kun nvtgkm,tautan
viral paksa ayang,promosi
https  youtube fwjdxa,tautan
viral,promosi
lupa like video guys,promosi
https  youtubecom channel uccjseqr aqkzsihbrezja,tautan
https  youtubecom shorts xmukhiruofeature share,tautan
https  wwwyoutubecom watchv voreyolene,tautan
https  youtube kuntwgizf,tautan
link shopee asus vivobook pro,promosi
https  shopeee ljmelept,tautan
https  youtube vqrgxawmznc,tautan
https  youtube xokuamyztm,tautan
https  youtube ojtehkfuau,tautan
info baru barusan tanboykun mukbang batu video,promosi
https  youtube bavrgtkke,tautan
cek produk baru,promosi
lihat,promosi
lupa like share subscribe,promosi
https  youtube ibzgeicw,tautan
https  youtube swzpkoxnps,tautan
https  youtube likrdkccbw,tautan
lihat video kun kalah lomba minum dgn celoz,promosi
beda segmen tpi klo lu butuh gaming ambil acer nitro rtx,bukan spam
rekomendasi laptop jt,bukan spam
rekomendasi laptop juta gan kencang gaming jarak harga gituan,bukan spam
mas raja hp,bukan spam
biasa org jepang klo makan,bukan spam
kangen anak mahasiswa sederhana,bukan spam
estetik,bukan spam
multitalent kaliiii badminton basket beatbox,bukan spam
liat baru,promosi
terima kasih info baru,bukan spam
terimakasih kk ilmu nambah kuasa allah,bukan spam
trimakasih ilmu kak,bukan spam
makasih kak,bukan spam
terimakasih,bukan spam
manfaat video,bukan spam
nak tengok napos,promosi
https  youtube qwjdall ji,tautan
semangat,bukan spam
https  youtube ckaoselav,tautan
build balmond sakit kebal cek video ,promosi
semangat nyerah mampir yuk bantu suport temanteman,promosi
viral heboh,promosi
https  youtube exmsuzhjci,tautan
https  youtube zejybesbgi,tautan
gameplay top global hayabusa oren ku hibur,promosi
https  youtubecom channel uchibxbiqsygss rhelq,tautan
moga game main hibur inspirasi kalianmari mampir tunggu hadir temanteman,promosi
https  youtube rpzzguywdj,tautan
https  youtube vkrazufshs,tautan
bangga liat nunjukin hasil juang bareng kruga kaya subscriber jutajutaan banggain ngakak,bukan spam
selamat capai gadgetin moga teamnya solid,bukan spam
selamat capai jt subscribe sukses gadgetin tim moga sya cepat seperti,bukan spam
congratss daviddd moga upload konten lagi kreatiff tim,bukan spam
kagum kerja keras tim gadgetin moga sukses nular,bukan spam
selamat gue udah nonton channel gadgetin gitu udah juta subscribers aja sukses tim,bukan spam
selamat team gadgetin terus karya kembang channel,bukan spam
selamat menang undi juta,promosi
granger ku joki la yng,bukan spam
seru bangettt trip korea ga tinggal mampir liat sampe nungguin moga konten trip lag,bukan spam
moodbooster hari liat waseda boys aja mood beranta normal lebih normal,bukan spam
nunggu vlog  baru waseda boyapalg mukbang ikut mkn jugasukses waseda boys doa in keliling dunia aminn,bukan spam
nonton video waseda boys komen video kesan impi jalan  yusuke ganteng tanding tomo segi lucu paras wajah hahahaa,bukan spam
compare aja ama sharp aquos range harga ken liat adu ama udah nfc,bukan spam
stay tambah informasi gadget channel,bukan spam
viral cek,promosi
ku tunggu thx ko reviewnya,bukan spam
saran ntar bikin video weekly daily isi recap singkat produk smartphone rilis brand entry ampe flagship nampilin kek harga ama key features kalo detail tinggal arahin link video reviewnya smartphone samsung rewind edition,bukan spam
review redmi note ,bukan spam
request review laptop kuu as pro,bukan spam
riview in budget hp spill vivo,bukan spam
review samsung,bukan spam
viral,promosi
tengok channelku,promosi
mampir guys channelku,promosi
seru,promosi
silah subscribe channel informasi video tarik baru,promosi
nonton channel ngebosenin,bukan spam
mantap bangsemoga global clint ku fasthand hibur,promosi
lihat sifat asli manusia bicara duli asa orang laindan konten dedy skrng udah ga hibur contoh ajar,bukan spam
playing victim bilangin idola ijinin tayangin asli biar jadi bahas virgin ketawa blunder play victim gimana wani ora,bukan spam
saking bijak lu sampe blunder wkwklu ngatain meyden ngeremehin live lu lupa ngaca nice,bukan spam
ded sungguh biasah lho gaes datang undang bintang tamu inspiratif biasah bidang  lupa moto ded  don  make stupid people famous,bukan spam
kangen podcast bahas pola fikir narasumber ngebuat ajar hidup sumpahhh,bukan spam
serasa nonton liat emak emak komplek,bukan spam
posisi  mending ngehina diri orang ngehina  cuman ngehina jadiin canda ga gitu ketawa bentuk ngehibur biar ga liat kasiankasian orang umur tua ngerasain,bukan spam
langsung aja cek channel,promosi
langsung aja cek channel gua,promosi
lupa subscribe channel gua,promosi
ga salah subscribe lu,bukan spam
semangat ded moga cepat selesai masalhnya gw tau mksd video ga jga ded kek gin klau ga msalh wajar just konten drama wkwkwk,bukan spam
gua udah liat podcast jo nang sana ketawa kocak bener ngetawain derita orang,bukan spam
potcast deddy pinter bicara guys sampe blunder wkwkwkw cuuuaaaksss,bukan spam
guys mampir channelku,promosi
moga apa timpa nada,bukan spam
moga anak cucu rasa dngn omongin anak perempuan keluarga perempuan ttp lindungin,bukan spam
cuan popularitas halal ni manusia moga allah balas sakit meyden aminn,bukan spam
yuk cek channel,promosi
yuk klik profile,promosi
mantap channelnya inspirasi,bukan spam
moga nonton channel berkah limpah,promosi
guys cek video baru,promosi
moga nonton channel kaya raya,promosi
cek video baru,promosi
https  wwwyoutubecom watchv wcnqswtyxo,tautan
https  wwwyoutubecom watchv acenoslxqba,tautan
https  wwwyoutubecom watchv ntiugmmmvbc,tautan
https  wwwyoutubecom watchv pcsrvuic,tautan
https  wwwyoutubecom watchv t itf pxs,tautan
https  wwwyoutubecom watchv exdedqeu,tautan
https  wwwyoutubecom watchv xyvggm ajo,tautan
langsung aja subscribe channel gue,promosi
lihat video viral tiktok,promosi
cek baju tokopedia,promosi
cari hijab subscribe channel gua,promosi
tinggal update baru channel gua,promosi
lihat video baru seram tiktok,promosi
yuk langsung cek aja sampe tinggal promo besarbesaran lazada,promosi
produk turun berat badan,promosi
hubung hotline,promosi
hubung hotline,promosi
tinggal info baru channel,promosi
https  wwwyoutubecom hashtag bukanmaen,tautan
poin channelku,promosi
langsung aja subscribe guys channelku,promosi
viral langsung cek,promosi
minn recommend donk merek hp layar bsa ttp main tangan keringetan,bukan spam
mampirr kkk,promosi
moga viral channelnya,bukan spam
moga nambah subscribernya,bukan spam
hibur konten jessica sampe kali kali nontonnya hihi moga collabnya yaaa,bukan spam
terima kasih vlognya cii jane youre so lucky happy selamatt ketemu member nct,bukan spam
ken bilang gue iri liat vidio aja udh neng haru merinding sukses yaaa,bukan spam
konser moga ngedance,bukan spam
gemar kpop lucu liat jessica bikin vidio,bukan spam
gemes liat dua ketimbang nct,bukan spam
gw lebh neng liat jessica nnton konser tmenin jeromeee,bukan spam
waaaah moga langgeng,bukan spam
orang jepang asik hibur,bukan spam
collab tunggu kun waseda boy saiko jiwa hidup mie goreng merdeka,bukan spam
cek produk baru,promosi
produk laris,promosi
produk laku banget,promosi
produk urus badan ampuh,promosi
lupa tonton acara live jam sore,promosi
yeeyy upload video bareng waseda boys lg eh bareng kun wkwkwkk mantab,bukan spam
seruuuuu bgt ketawa nontonnya tunggu video kolab baru kakk,bukan spam
merinding lihat film horor,bukan spam
kakakkakak yuk cek postinganku baru,promosi
beli link refferalku dapet kaos gratis,promosi
asiiik video mukbang,bukan spam
gokil manfaat lemah kun,bukan spam
hibur,bukan spam
langsung kenyang,bukan spam
cikgu matematik jumpa cikgu mukbang ku tengok nihongo mantappu rak collab polin ku tahan gelak rana seronok orang sentiasa hibur moga polin rak sentiasa jaya sihat salam,bukan spam
moga sehat,bukan spam
follow instagram subscribe guys channel,promosi
merinding lihat film horor,promosi
channel youtube panutan gw collab yeyy,bukan spam
gigi be like  mampir,bukan spam
allahtop dah tomboy kun,bukan spam
idola kun mukbang favorit jago,bukan spam
beli,promosi
cari produk viral langsung aja cek channel ku,promosi
grosir ecer skincare gasmaya estetika merek aman bepom trusted,promosi
diskon besar shopee aman percaya,promosi
selamat ulang,bukan spam
selamat menang undi,promosi
yuk nonton dapet hadiah channel,promosi
tinggal undi hadiah channel,promosi
moga hibur konten guys,promosi
https  wwwyoutubecom watchv yzbuewdpc,tautan
hadir,promosi
komen,promosi
btw cari wallpaper kek gitu dmna yah tau,bukan spam
video langkah manca storynya dapatkomedinya horor konsep video pakai manca,bukan spam
mukbang nasi padang cerita alam lupa rantau anak kos kwwkwk seruuuu,bukan spam
jalan indonesia tuh khas benget video leo jalan us indo langsung beda,bukan spam
upload jg video ketemu,bukan spam
ngumpul channel,promosi
ayo subscribe channelku hadiah seru,promosi
like comment dapet hadiah,promosi
link beli tv xiaomi,promosi
cek video baru,promosi
lihat video lucu,promosi
lihat horror,promosi
berita viral kompas,promosi
viral media sosial,promosi
yuk cek toko online,promosi
request bahas hp xiaomi,bukan spam
langsung kunjung channel,promosi
giveaway subscribe channel,promosi
giveaway orang untung channel,promosi
tinggal live video channel,promosi
kaos gratis subscriber subscribe channel,promosi
notifikasi langsung tonton,bukan spam
hadir,promosi
ded bahas sejahtera tani indonesiadi resisi dunia krisis pangan dunia peran tani tau punah melenial tani perhati serius perintah tani juang,bukan spam
rajin tabung rajin ibadah lupa senang orang tua orang tua inshaallah lancar rejekinya,bukan spam
hadap isu resesi video ded,bukan spam
dedi haru udang orang iniagar motivasi orang lainjngn undang orang viral tdk hidup,bukan spam
jalan makek motor ngak lupa dengerin podcast oom deddy inspirasi,bukan spam
bahas ded cepat miskin video youtube bawain jonny herjawan cepat miskin,bukan spam
det coba bahas tukang jahit rumah kompeksi bbm harga jaitan turun draktis kaum kejar receh susah,bukan spam
miskin batu orang moga rezeki lancar meme cringe mampir wkwkw,bukan spam
next undang gamal bro gamal bahas konspirasi uang ama plis ommm,bukan spam
pliss subscribe channel,promosi
please subscribe channel,promosi
biar tidakkena dampak resesi lupa nabung mas,bukan spam
salfok langsung judul,bukan spam
kunjung website,promosi
ken jual ku borong kun ,bukan spam
tan boy kun porsi mi ayam nggak kenyang,bukan spam
saran kun konten kuliner mukbang jalan negri biar seru ken lihat reaksi org lihat abg makan cepat moga tambah rezeki,bukan spam
promosm,promosi
promo langsung beli kuy,promosi
promo langsung beli yuk,promosi
cuman diskon,promosi
diskon,promosi
diskon batas,promosi
guys promo besarbesaran tokopedia,promosi
cek tokopediaku guys,promosi
jual,promosi
jual,promosi
jual iphone pro,promosi
the real mukbang pil berry pil apa good kun,bukan spam
lihat betapa hepi anak,bukan spam
kaum opreker senyum baru softwarenya kasih baru,bukan spam
ramai pas launching youtube pas udah langsung lupa sepi minat,bukan spam
video abang bilang set max charge panjang umur batre emang beneran ngaruh makasii,bukan spam
update software asus aman kah sorry guys dengar ulas update software asu,bukan spam
ikut undi yuk guys,promosi
speaker murah harga rakyat,promosi
promo diskon besarbesaran shopee,promosi
ayok kunjungin toko lazada,promosi
yuk guys tonton video viral,promosi
congrats jt subs moga sukses sehat btw give away hp subscribernya,promosi
minat beli pas rutin intens ngegames,bukan spam
beli airpod mana,promosi
draw lg dapet ni ceci colect tunggu reset diskon persen wkwkwk,bukan spam
udah rutin upload gameplay,bukan spam
awesome gameplay idol,bukan spam
beda no limit beda nama fokus,bukan spam
https  wwwyoutubecom watchv comzsohw,tautan
https  wwwyoutubecom watchv drlvagydsy,tautan
https  wwwyoutubecom watchv ignwemyy,tautan
https  wwwyoutubecom watchv okczlcjlyo,tautan
moga gemplay top global alucard gua sun hibur motivasi main,promosi
beda agama harga,bukan spam
moga gemplay meng hibur,promosi
https  youtube pwcyvnx q,tautan
jual viral dipake artis,promosi
https  wwwyoutubecom watchv mh rwnbbtct,tautan
lucu lihat salting grogi senyum senyummmm niee,bukan spam
senang bangett lihat dua,bukan spam
https  wwwyoutubecom watchv qfsmtvpret,tautan
love this couple hope you are couple for real seem like was really care and nice to jessica its so sweet when guy remember and notice little detail about you support both of you from malaysia,bukan spam
moga nonton video,promosi
tolong bantu subscribe guys channel,promosi
cari produk langsung mampir kesini,promosi
turunin berat badan solusi,promosi
single langsung hubung no telp,promosi
yuk download aplikasi guys,promosi
kupon potong,promosi
link dapetin bonus,promosi
kunjungin toko guys,promosi
produk langsing no indonesia laris,promosi
puji tuhan udah beli hp beli flagship,bukan spam
kaya komen ttg tokped ubah skr capek belanja tokped kupon diskon dipake bayar ongkir bom tutup biaya,bukan spam
recomendasi iphone bangyg keluar klo keluar baru bagus,bukan spam
https  wwwyoutubecom watchv uyrbucnet,tautan
promo murah tas ransel shopee,promosi
tinggal live streaming channelku,promosi
moga gameplayku viral,promosi
channel edukasi maju orang bantu,bukan spam
pingin beli varian mie gaga extra pedas,bukan spam
mie pedesnya gile ak beli,bukan spam
moga konten jedak jeduk cosplay kawai hibur tanks you support,promosi
lihat bungkus liat pedas,bukan spam
klik link,promosi
mampir kesini,promosi
coba level indomaret rumah max level beli bungkus kecewa tingkat pedas level asa pedas cenderung manis sisi bumbu kenyal top,bukan spam
nyari produk langsung aja klik link,promosi
butuh obat langsing,promosi
trending youtube,promosi
silah mampir channelku,promosi
https  wwwyoutubecom watchv mfofqpvodc,tautan
promo batas cuman,promosi
bahagia nikah deddy corbuzier sabrina chairunisa moga keluarga sakinah mawadah warahmah keluarga panutan inspirasi nilai nilai hidup positif karirnya aamiinn robbal alamiinn,bukan spam
like prince because he has an open mind even though he is young,bukan spam
alhamdulillah konten gue tunggu uplod moga gw inspirasi motivasi konten semangat bikin konten idola,promosi
please watch my videos,promosi
tinggal live video malem,promosi
follow instagram gw,promosi
follow tiktok gw,promosi
lupa kasih like komentar,promosi
moga konten viral,promosi
moga baca komen subscribe channel,promosi
yuk beli guys,promosi
lupa cek channel,promosi
izin promosi,promosi
izin promo barang,promosi
izin promo,promosi
subscribe channelku,promosi
lupa beli produk,promosi
https  wwwyoutubecom watchv smfsqcux,tautan
sekian senang lihat fanny ko,bukan spam
moga gameplay fanny gw motivasi main fanny thanks,promosi
gg idol moga konten vidio gw inspirasi hibur main fanny,promosi
mudah kayak top fanny gw blom skin ,bukan spam
mantap moga gameplay bruno ku hibur mengispirasi viewers trimakasih,promosi
lupa teriak  full powerrrrr  gg,bukan spam
argus  pan emang no gw silap,bukan spam
fani gw kangen gw ama fanny lu,bukan spam
idola youtube bantu susah bersosialitas conten content sehat,bukan spam
pke fanny mudah bet gw pke fanny,bukan spam
top global fanny semangat,bukan spam
nice prank top global eudora dng nick namenya ganti dgn lucu lucu,bukan spam
coba prank no chou ,bukan spam
konten gw tuggu,bukan spam
moga fany darat ku hibur kalen,promosi
gw fanny fanny,bukan spam
hero gw tungguin pake fanny rindu ama fannynya,bukan spam
moga gameplay claude ku ajar main claude,promosi
konten fanny,bukan spam
https  wwwyoutubecom hashtag teamseas,tautan
https  wwwyoutubecom watchv svkohcjpqt,tautan
https  wwwyoutubecom watchv svkohcjpqt,tautan
https  wwwyoutubecom watchv svkohcjpqt,tautan
https  wwwyoutubecom watchv svkohcjpqt,tautan
https  wwwyoutubecom watchv svkohcjpqt,tautan
 senang dengar ketawa,bukan spam
kak segitunya cari konten sehat,bukan spam
kangen no limit konten mobile legend skin hero maniac savage konten kangen up komen ku biar lihat,bukan spam
konten cari konten mudah semangat,bukan spam
sumpah kangennn ngonten kaya gin,bukan spam
always get smile on my face when uploads,bukan spam
 pake suara ngegassnya  perut gw laper,bukan spam
bikin channel khusus vlog prank biar channel khusus main game aja,bukan spam
tunggu ko main mobile legend ken liat ko aktif main mobile legend,bukan spam
trending moga kmi tonton depan tonton sukses chanel,bukan spam
anjay haru guaconten tunggu jugak ko jesslama main mlbb,bukan spam
bosan lihat jesss main,bukan spam
main biar gg kaya,bukan spam
gua rindu intro duluu,bukan spam
ayok bantu trending,promosi
rindu nak lihat scene tournament mpl,bukan spam
yey rindu banget ko main ml  ,bukan spam
dri malaysia minat ni harap dpt main skali dgn,bukan spam
main game neng bngt,bukan spam
puji tuhan gameplay ni channel,bukan spam
sekrng dah bosan main ml nonton aja main ml ,bukan spam
moga konten pas puasa main mobile legend guyss rindu gameplay,bukan spam
moga gameplay brunoku hibur teman teman trimakasih,promosi
ampun gua rindu video,bukan spam
temenya bunuh ngakak gw,bukan spam
kerenn bangett anjirrrr main ,bukan spam
senang kli liyat konten nyajadi hibur gw bangbang idola ku,bukan spam
kangen main mpl acung tangan,bukan spam
klo serius kaga ngotak main wkwkwwkwk,bukan spam
semangat cari konten tau cari konten tu gampang hehe,bukan spam
kaka aploud nyakangen tau kafull power loh,bukan spam
mudah skli jessnolimit main game pou andai aq  sinar muda ny,bukan spam
jesnolimit conten makasih hibur dang ngeprang orang,bukan spam
moga gameplay fanny ku ku,promosi
gass jeess smoga kedepannn btw kesini kesini mampir wkwkkw,promosi
https  wwwyoutubecom watchv ndtkqtjwit,tautan
https  wwwyoutubecom watchv ndtkqtjwit,tautan
https  wwwyoutubecom watchv ndtkqtjwit,tautan
https  wwwyoutubecom watchv ndtkqtjwit,tautan
main mobile legend,bukan spam
mampir channelku,promosi
bantu subscribe channelku,promosi
subscribe kena prank,promosi
sakit perut lihat prank team hehe semangattt,bukan spam
subscribe ga,promosi